intent,text
greeting,Hey there
greeting,How's it going?
greeting,Nice to see you
greeting,Good to see you
greeting,How are you doing?
greeting,Hello there
greeting,Hi there
greeting,Hey how are things?
greeting,I wanted to say hello
greeting,Is anyone there?
greeting,Hope you're doing well
greeting,Hi I have a question
greeting,Hey can you help me?
greeting,Good evening
greeting,Are you available?
school_location,I'm trying to find a place to read
school_location,Where do students go for lunch?
school_location,I need to find the sports area
school_location,I'm looking for the building where experiments are done
school_location,Could you tell me where I should go?
school_location,Which way should I go from the main entrance?
school_location,Where can I study quietly?
school_location,Where do I go to get something to eat?
school_location,How do I get to the science building?
school_location,Which building has the laboratories?
school_location,Where can I find the sports area?
school_location,I'm trying to find the dining area
school_location,Where is the main entrance?
school_location,How do I get to the library from the entrance?
school_location,Where are the study rooms?
class_schedule,What lessons are on my timetable?
class_schedule,Which subjects do I have today?
class_schedule,What lesson do I have first?
class_schedule,What comes after my morning lesson?
class_schedule,Which class should I go to next?
class_schedule,What does my timetable look like?
class_schedule,Which subjects am I taking today?
class_schedule,Can I see my lessons for today?
class_schedule,What is scheduled for this afternoon?
class_schedule,Which lesson am I supposed to attend now?
class_schedule,What is my first lesson tomorrow?
class_schedule,Which subject do I have next?
class_schedule,What lessons are planned for today?
class_schedule,Can I check my timetable?
class_schedule,What am I studying today?
teacher_information,Who should I speak to about this subject?
teacher_information,Who is responsible for this course?
teacher_information,Which staff member handles this subject?
teacher_information,Who takes care of our lessons in this area?
teacher_information,Who will be teaching us?
teacher_information,Who do I report to for this course?
teacher_information,Who teaches biology?
teacher_information,Who teaches history?
teacher_information,Who is in charge of our math lessons?
teacher_information,Which teacher handles chemistry?
teacher_information,Who will teach my English class?
teacher_information,Who is responsible for this subject?
teacher_information,Who is our science instructor?
teacher_information,Which teacher should I talk to?
exam_schedule,When do the assessments take place?
exam_schedule,When will we be tested?
exam_schedule,What day is the test?
exam_schedule,When should I start preparing?
exam_schedule,How soon is the next test?
exam_schedule,When do I need to take the assessment?
exam_schedule,What date is the test?
exam_schedule,When are we being tested?
exam_schedule,How much time do I have before the test?
exam_schedule,When should I be ready for the assessment?
exam_schedule,When is the next assessment?
exam_schedule,What date should I prepare for?
exam_schedule,When is my next test?
exam_schedule,How long do I have before the exam?
exam_schedule,When will the next exam happen?
club_information,Is there anything I can join after lessons?
club_information,What activities are available outside class?
club_information,Can students take part in any groups?
club_information,Is there something I can join with other students?
club_information,What can I do in my free time here?
club_information,Are there activities for students after school?
club_information,Are there any music groups?
club_information,Does the school have a drama group?
club_information,Can I join a sports activity?
club_information,What student groups are available?
club_information,Are there any art groups?
club_information,What extracurricular activities are offered?
club_information,Can students join groups outside their lessons?
club_information,What activities can students participate in?
club_information,Does the school offer any after-school groups?
school_rules,What am I permitted to do here?
school_rules,Are there things students are not allowed to do?
school_rules,What happens if someone breaks a rule?
school_rules,Is there a dress requirement?
school_rules,Are students allowed to leave during the day?
school_rules,What do I need to follow while I'm here?
school_rules,Can students use phones during lessons?
school_rules,Are there rules about attendance?
school_rules,What happens when a student breaks the rules?
school_rules,Are students allowed to be late?
school_rules,Is there a required dress code?
school_rules,Can I leave campus during the day?
school_rules,What behavior is not allowed?
school_rules,Are there restrictions on using devices?
school_rules,What are students expected to follow?
academic_help,I'm having trouble understanding this
academic_help,Could someone explain this to me?
academic_help,I'm stuck on my homework
academic_help,This topic doesn't make sense to me
academic_help,I can't figure out how to solve this
academic_help,Could you explain how this works?
academic_help,I don't understand this problem
academic_help,Can you explain this subject to me?
academic_help,I'm struggling with this lesson
academic_help,I need help solving a problem
academic_help,Could you help me understand this?
academic_help,I'm confused about this topic
academic_help,I don't know how to do this question
academic_help,I'm having difficulty with this assignment
academic_help,Can you help me understand this concept?
goodbye,I have to go now
goodbye,I'll talk to you another time
goodbye,That's all for now
goodbye,I'm heading out
goodbye,I'll be back later
goodbye,Take care
goodbye,See you soon
goodbye,I have to leave now
goodbye,Talk to you later
goodbye,I'm done for now
goodbye,I'll come back later
goodbye,Until next time
goodbye,Have a good day
goodbye,I'm leaving now
goodbye,See you around